name,pn,space,cat,thumb,kana,sns
ブースト太郎,彩,A-01,,assets/img/circles/a01.png,,https://x.com/boost | https://www.pixiv.net/users/12345
株式会社ブースト,,企-05,企業,assets/img/circles/kigyou.png,kigyou,https://booth.pm/ja/items/xyz | https://bsky.app/profile/boost.bsky.social
アイスクリームマシン,ネコマル,B-16,,,a,
青いBathroom,そうお,A-40,,,a,
agiato,岩倉ゆう,C-15,,,a,
あにまりずむ,高木喬,A-7,,,a,
天の川通信,皆川心,C-16,,,a,
雨上がり☆AfterSchool,木元ハジメ,E-40,,,a,
飴屋,アメコミスキー,B-26,,,a,
石木屋,石木たかし,C-21・22,,,a,
一技農産,ABEND_S80A,委託,,,a,
いとーよかよか堂,土鍋,B-21,,,a,
うろおぼえパレード,ふーぺい,B-13,,,a,
えあか,eaka,B-31・32,,,a,
AGE OF BLUE,はやっち,C-9,,,a,
STK,ステキチ,A-28,,,a,
えびぽてと,油田,A-23・24,,,a,
エリザベスよ,西音寺エリザベス,A-6,,,a,
える,える,C-14,,,a,
おーきっど,たつお,A-30,,,a,
おおもりキッチン,太ぬき,D-27・28,,,a,
おかわり堂,巧 樹之介,A-19,,,a,
オズマ計画,イサリバンセ,B-20,,,a,
おまわりさん、コの人です,コの字,C-19,,,a,
オヤジジ組,メガ,D-16,,,a,
おゆーさんとこの,おゆう,E-5,,,a,
海とも屋さん,ともや,E-9・10,,,k,
かきわり御殿,もうじゃ,A-15・16,,,k,
かげろう,松傘・ポーク氏,D-20,,,k,
過酸化水素水,MnO2,A-25・26,,,k,
カゼコエ,熊弥,C-10,,,k,
がったんごったん,がった,B-18,,,k,
かりんと。,武蔵 香鈴,C-39・40,,,k,
きつつきの巣,こげら,C-12,,,k,
気まぐれ者者,Monじゃ,D-8,,,k,
キミ専,NOL,B-15,,,k,
キヨミズデラ,キヨミズ,D-14,,,k,
きんた丼,きんた,A-33・34,,,k,
空想実験室,大石雷太,D-9,,,k,
くまげプロジェクト,地震くま,B-7,,,k,
熊呑堂,熊呑イチロー,E-7,,,k,
グランポット,ポリポリ,D-13,,,k,
グレフレ,御手洗翔,E-17・18,,,k,
黒亀夜竜,夜竜 擽太,E-16,,,k,
劇団りん太,りん太,C-4,,,k,
ケモノゴウ,ohma,D-22,,,k,
口内炎がなおらない。,昆布+,A-4,,,k,
向陽大保健課,瑛太,E-26,,,k,
コーギーハウス,斎藤コーギー,委託,,,k,
仔熊ちゃん商会,かき8ねん,C-24,,,k,
ここのつぼし,ここつぼ,E-8,,,k,
ここ屋,ここ ここし,A-17,,,k,
ごぞうろっぷ,がっぷ,A-10,,,k,
寿タイシャ,コトブキ,B-29,,,k,
胡麻飯店,龍原権三,C-37・38,,,k,
小麦粉のまま,たんぱお,E-11,,,k,
コルクBOX,大沢大太,C-31・32,,,k,
刺身盛合,魚Max,B-17,,,s,
サビぬき,うちまる,E-15,,,s,
サマカス汁,なつめ 雪むし・やなぎぢる,A-1・2,,,s,
三角まあく,りょーた▲,E-1,,,s,
37.2℃,ゆずぽこ,A-9,,,s,
さん太くんち,さん太,C-3,,,s,
三番目,エーイチ,B-30,,,s,
常温冷麺,月餅,A-39,,,s,
stealthunion,龍,D-1,,,s,
ストラップ屋さんは太らせたい,じゅん,B-2,,,s,
ストレイニ,いず すべて,E-2,,,s,
すとろべりーぷてぃんぐ,苺野翔斗・孫市たまご,E-37・38,,,s,
sphere is narrow,あとも,C-7,,,s,
せとうち少販,たかさきけいいち,委託,,,s,
太好吃了,骨ドラ,B-24,,,t,
大福処,うさ餅大福,A-11・12,,,t,
足袋屋萬年堂,足袋烏,D-11・12,,,t,
惰眠党,くまっち,D-18,,,t,
だゆ煮,しこまる三太夫,C-13,,,t,
だらり,笹釜ちくわ,C-29,,,t,
超合金イヌンガーZ,ゆーき,E-19,,,t,
チよこれいと,チろ,A-5,,,t,
月見庭園,つきぐま,E-12,,,t,
デードリームス,C3,C-33・34,,,t,
デジタル食堂,高町まいす,B-8,,,t,
天真爛漫,天真七輝,A-38,,,t,
TOXIC MELON SODA,由美,B-28,,,t,
兎にも角煮も,れき,B-22,,,t,
飛ぶちから,とりきくーや,A-35,,,t,
智也,智也,A-18,,,t,
ドンガン島出張所,権太狸,D-25・26,,,t,
鈍行アブラミ号,ちぇけら,C-30,,,t,
707号室,まる,E-21・22,,,n,
ナミノヲト,なみのと,E-6,,,n,
にじたま,大地巧太,E-33・36,,,n,
鈍色の空,イスケ・グラタニティー,A-41・42,,,n,
ねぶりがっこ,Riley,D-17,,,n,
NORTHERNカルビ!!,北・だいえん,A-13・14,,,n,
のらくら,くららん,D-5,,,n,
電子大熊猫,笹山明,B-1,,,h,
はいいろくまさん,灰くま,C-27・28,,,h,
Hide&Seek,いぬごく,E-29・30,,,h,
ハジカミバタケ,橋上ガンスケ,E-3,,,h,
はちみつぶっかけ隊,はちみつ,C-35・36,,,h,
はらぺこユニオン,本山田もすけ,B-14,,,h,
BG,トンヌラ,D-21,,,h,
ぴいちふぁず,ぴいちぷりん,A-37,,,h,
ひいらぎ屋。,蘇芳,B-25,,,h,
ビーンジャム,餡野まんたろ,D-31,,,h,
日だまりのカケラ,Kota’,B-23,,,h,
非燃焼系エレファントロ,スイスイズー,E-14・15,,,h,
ひみちゅ基地,ひで,C-5・6,,,h,
秘密猫結社R,とんが,A-29,,,h,
booble,たぬたろう,A-31・32,,,h,
ふくふくルチャリブレ,謎肉三太郎,B-19,,,h,
豚 出没注意,エクゼ,B-10,,,h,
ぶっちゃけ道,ぶち,D-15,,,h,
太蟻団,アリコマンド,D-10,,,h,
ふとえもん製作委員会,はむとん,C-25・26,,,h,
太ったおじさん大好きクラブ,がとじじい,D-29・30,,,h,
ぷにぐ～す,ぷにちゅ～,C-8,,,h,
プライベートホイミン,メグホイ,B-9,,,h,
PaleBlue,たーぼー,B-12,,,h,
boysplanet,照山紅葉,A-36,,,h,
ぽん太手芸店,ぽん太,B-3・4,,,h,
蒔瀬文庫,ミスターウッド,D-19,,,m,
まるやまや文庫,ぽちゃえもん,C-23,,,m,
みずの屋さん,水野うらら,A-21・22,,,m,
南海岸,カズミ,B-11,,,m,
ミニマムウェポン,SESSA,B-27,,,m,
むさぼうさん,むさぼう（近藤ムサシ）,D-7,,,m,
武TA,武藤俊介,E-31・32,,,m,
めいぷる☆しろっぷ,柾,B-5,,,m,
MOW,もうふ,E-23・24,,,m,
萌王子,獣太,D-6,,,m,
モチクリムゾン,マーラ,D-32,,,m,
もち屋,おもち,C-11,,,m,
もてぃもてぃもってぃ,もってぃ,C-2,,,m,
モノトラスト,北国ぱるま,A-3,,,m,
盛川食堂,コロッケ,E-27・28,,,m,
山岡製麺所,高田うどん,B-6,,,y,
ユートピアプロジェクト,ぐるとん,A-8,,,y,
郵便屋,八木裕太,E-39,,,y,
ゆけむりフロスター,ゆのすけ,C-20,,,y,
ゆたお食堂。,ゆうた,E-13,,,y,
よこみちそれれば,いれみ,D-3・4,,,y,
らくだぶひぶひにゃん,ぷにねこプリン,D-23・24,,,r,
らぶりぃず,のりじゃが,D-2,,,r,
Larack Or Wheat,ほいーと,E-4,,,r,
龍川屋,龍川嵐,C-1,,,r,
ロヂウラレコーズ,軒ねずも,A-20,,,r,
WILD DOG,あさくらけんと,A-27,,,w,
わっふるさんど,KIYO,C-17・18,,,w,
BIGGYM,BIGGYM,企業,,,kigyou,
